start	end	text
0	8200	Usually, when we try to model a physical system, right, we rely on this kind of assumption of mathematical perfection.
8560	11860	Right, yeah, like everything can be solved with a neat little equation.
12180	19540	Exactly. Like if you want to simulate a rocket trajectory, you map out all the physics, you know, thrust, gravity, atmospheric drag,
19700	23740	and you just drop it all into this massive interconnected system of equations.
24100	28420	Because the math basically dictates every single millisecond of the flight.
28420	36040	Right, and for a really long time, the assumption in computational biology has been that you can treat the human body the exact same way.
36720	37420	Which is wild.
37580	43200	It is wild. The idea that if you just write enough equations, you can perfectly mathematically calculate a human being.
43540	48500	Yeah, but I mean, that assumption completely breaks down when you actually look at how biology functions on the ground.
48880	53700	Which brings us to the core of what we are getting into today. Welcome to the Dean Dive, everyone.
53820	55460	We are so glad you are here with us.
55460	61180	Today, our mission is to basically rewire how you think about simulating the human body.
61860	67960	We're unpacking this fascinating August 2026 paper by an independent researcher named Flyxion.
68480	76660	Yeah, the paper is called Physiome, well, technically Physiome, an Admissibility and Repair Driven Architecture for Whole Body Physiological Simulation.
76660	85820	It's a mouthful. But the stated mission of this text is to just completely tear down that old body is a rocket ship paradigm.
85940	89380	It really fundamentally changes the premise of what the body is trying to do.
89440	94900	Because a biological system is not optimizing some beautiful global mathematical equation.
95060	95240	Right.
95360	96980	It's frantically patching leaks.
96980	105000	Yes. The author proposes this radical software architecture that says, hey, stop treating human biology as a mathematically optimized supercomputer.
105700	112800	Instead, let's model it as a tired property manager who is just trying to fix whatever happens to be broken in the building right now.
112860	120720	That is exactly it. But, you know, to understand the magnitude of what Flyxion is proposing here, we really have to establish what this new architecture is replacing.
120900	122160	Right. The old way of doing things.
122160	128260	Exactly. So the paper contrasts its new approach with the traditional, what they call, evolution-first paradigm.
128320	129100	Oh, evolution-first.
129180	134500	Yeah. And the gold standard for that traditional approach is this simulation environment called HUMOD.
134720	135160	HUMOD.
135300	138040	Right. Developed at the University of Mississippi Medical Center.
138280	142260	And HUMOD is this absolute marvel of classical modeling.
142460	148900	I mean, it attempts to simulate the human organism by tracking several thousand interdependent variables.
148900	155340	So we're talking, like, everything. Cardiovascular output, renal filtration rates.
155440	158620	Hendocrine hormone concentrations. You name it. It's all in there.
158840	163460	But the critical part, and what the paper really focuses on, is how it tracks them.
164220	169280	It links all of those thousands of variables together using ordinary differential equations.
169640	170120	ODEs.
170240	173500	Right. It relies heavily on the mathematics of continuous change.
173680	175700	Which is that evolution-first method you mentioned.
175700	179680	Exactly. The philosophical pathway there is mechanism leading to behavior.
180140	186980	So in the HUMOD architecture, every single variable in the entire organism has a defined derivative at every single instant of time.
187240	190960	Meaning, they're all changing all the time based on each other.
191080	195760	Yes. You just have one massive mutually coupled system of equations.
196240	203080	And the software uses a single global time step to basically integrate every variable simultaneously.
203080	207460	Okay. Let's ground that for someone writing the code, or just for you listening right now.
207880	216680	If I am programming HUMOD, and I have a set of variables, let's say, heart rate, blood volume, and kidney filtration rate.
216800	217060	Okay.
217520	224080	Because they are coupled ODEs, the math dictates that the future state of my blood pressure, say, one millisecond from now,
224180	229280	is a strict continuous function of the rates of change, all those other variables happening right now.
229340	232780	Right. The system constantly calculates the evolution of everything all at once.
232780	234300	Even if nothing is actually happening.
234360	239200	Exactly. Even if nothing physiologically interesting is happening to a specific variable at that exact moment,
239720	242140	the global integration just forces the math forward.
242260	242460	Right.
242460	247840	And while that produces simulators with, you know, very high clinical fidelity for known scenarios,
248440	251720	it creates an absolute combinatorial nightmare under the hood.
251800	253600	When a programmer tries to expand it, right?
253680	253840	Yeah.
254040	255460	Yeah. Or debug it.
255640	261460	Let's really dig into that combinatorial nightmare, because the paper makes a really strong point about the scaling limits of ODEs.
261460	266940	Right. Like, if I want to add a completely new system to Humid, say, I discover a new hormone,
267460	274920	or I want to add a new synthetic drug to the simulation, I can't just drop that single new variable into the code base and let it run, can I?
275040	275920	Oh, absolutely not.
275920	279600	No, because you are dealing with a coupled mathematical matrix.
280380	289660	To add that single new hormone, you must define exactly how its derivative interacts with the differential equations for heart rate and blood pressure and renal clearance.
290100	296080	You essentially have to rewrite or at least adjust the equations for every single biological system that the new hormone touches.
296340	297300	That sounds exhausting.
297300	304540	It is. As you add more variables, the complexity of managing those mathematical intersections just grows exponentially.
305480	313000	The correctness of your entire simulation becomes tied to the correctness of this single, massive, tightly coupled web of calculus.
313000	317920	So it's like, okay, it's like trying to simulate the traffic grid of a major city, right?
318260	328060	But you're doing it by calculating the exact physics, the tire friction, the velocity, and the gravitational pull of every single car at every millisecond.
328240	330140	Right, rather than just looking at the traffic light.
330140	341940	Exactly. And the moment you introduce one new car onto the highway, the simulation has to completely recalculate the collision probability and aerodynamic drag for every other car on the grid simultaneously.
342120	347480	And if you type a plus sign instead of a minus sign somewhere in that giant matrix of equations...
347480	347800	Boom.
348160	350540	Yeah, the entire city's traffic pattern collapses.
351040	355780	And finding that one typo requires unraveling the entire coupled system.
355880	356900	Which is just awful.
356900	360760	It's the structural limitation that Flyxion is explicitly targeting.
361200	365080	Physiome steps away from us entirely. I mean, it completely abandons the differential equations.
365260	367020	It throws out the evolution-first paradigm.
367180	372820	Yes. Instead, physiome introduces an admissibility-first architecture.
373280	378280	Admissibility-first. Which means the flow of the program totally changes, right?
378660	386220	Instead of mechanism leading to behavior, the physiome flow is boundary, leading to violation, leading to repair, leading to behavior.
386220	387180	That's the loop.
387620	395220	Instead of asking what differential equation governs a variable's constant evolution, the physiome engine asks a much simpler question.
395480	395920	Which is?
396120	400360	What range of values is the rest of the organism willing to accept from this variable?
400540	401720	Oh, the guardrails?
401720	406080	Precisely. You define an acceptable upper and lower bound for a variable.
406420	407800	So, a blood pressure range.
408360	409580	A sodium-level range.
409880	416200	And the system just holds the variable in its current state completely static until that boundary is violated.
416380	417900	So it's not constantly doing math on it?
418060	418520	Not at all.
418620	422040	The engine fundamentally does not tear how the variable arrived at that state.
422180	424100	There is no derivative driving it forward.
424660	428060	Only when a violation is detected does the system trigger a repair mechanism.
428060	431780	I want you to think about your own body for a second, just sitting there listening to this.
433460	443080	If you sit still, is your biological hardware actively running complex calculus to determine what your core temperature should be exactly five seconds from now?
443180	444220	Definitely not.
444360	444600	Right.
445020	450120	Or is it largely passive, just waiting for a biological sensor to trip when you get too cold?
450980	456100	The paper argues that biological homeostasis is much closer to that second option.
456220	457060	Yeah, it's reactive.
457060	462120	A baroreceptor in your neck isn't computing a target mean arterial pressure for the future.
462640	467420	It just fires when the current pressure slips outside the acceptable operating window right this second.
468460	473920	And the software architecture of Physiome is attempting to perfectly mirror that biological reality.
474320	479020	I mean, it is a system built entirely on detecting out-of-bound states and deploying local fixes.
479020	489780	But to execute that, without the rigid structure of a massive ODE matrix, you need an incredibly robust engine, right, to manage the chaos of all those local fixes.
489860	490420	Oh, absolutely.
490560	495920	Because waiting for a warning light to flash on a dashboard only works if the code actually knows how to interpret the alarm.
495920	499340	And, more importantly, it needs to know how to prioritize them.
499460	499720	Right.
499980	507720	If my kitchen is on fire but my basement is also flooding, the property manager needs a very clear set of rules for who to dispatch first.
508280	512420	So how does this engine actually operate when multiple systems start failing?
512420	516660	So the core of the Physiome simulator is this really elegant loop.
516800	520320	It consists of three phases, detect, rank, and dispatch.
520700	522940	Detect, rank, dispatch. Got it.
523080	528020	And this is all handled by a domain-independent engine, meaning it doesn't know anything about biology.
528260	529880	It just knows about data contracts.
529940	531780	Okay, so it's just pure logic at that level.
531900	532120	Right.
532360	537440	So the detection phase relies on what the code base calls the constraint module.
537440	542480	This module basically assigns an admissibility boundary to a variable.
542700	546060	Which is just the acceptable upper and lower numerical limits like we talked about.
546240	551260	It is, but it also contains a really crucial mathematical component called the severity function.
551460	554480	Oh, this is fascinating. Tell them about the severity function.
554780	560360	So when the engine scans the variables, the severity function evaluates their current state.
561000	566420	If a variable is sitting comfortably inside its admissibility boundary, the function just returns a zero.
566420	567100	No alarm.
567440	568320	Right, no alarm.
568860	576760	But if the value drifts outside the bound, the function returns a magnitude that is proportional to how far outside the bound it currently sits.
576760	584520	But wait, if we are looking at the entire human organism, the engine has to compare vastly different metrics, right?
584840	594220	Like how do you rank the severity of a blood pressure that is 5 millimeters of mercury too high against a plasma sodium concentration that is 5 mil equivalents per liter too low?
594320	595700	That is the big question.
595700	597320	Because the units are totally different.
597320	600300	And their natural scales in the body are completely unrelated.
600680	605880	That is where the normalization process inside the severity function becomes just absolutely vital.
606020	609020	The engine doesn't just pass along the raw numerical error.
609020	614780	It takes that raw deviation and divides it by the width of the admissible interval for that specific variable.
614780	615760	Okay, hold on.
615940	618300	Let's map out that math for a second so I can visualize it.
618300	631200	If my acceptable blood pressure range is mathematically defined as say 30 units wide and my current pressure is 5 units over the limit, my severity score is 5 divided by 30, so roughly 16%.
631200	642020	But if my acceptable sodium range is much tighter, say only 10 units wide, and I'm off by that same raw number of 5 units, then the severity score is 5 divided by 10.
642380	643680	That's a 50% severity.
643820	644340	Exactly.
644340	654980	So even though the raw error is identical, just the number 5, the engine immediately recognizes that the sodium violation is a much more severe breach of its specific biological contract.
655200	656460	That is exactly how it works.
656800	662240	The engine effectively normalizes every single crisis in the body onto a common unitless scale.
662460	667580	It's essentially asking which variable is furthest outside its own specific tolerance.
667580	668960	That is so smart.
669120	676240	So once it has calculated these normalized severity scores for every single violation currently happening in the organism, the engine ranks them.
676400	678260	From most severe to least severe.
678500	680020	Okay, so the ranking is complete.
680600	684480	The engine knows the sodium crisis is the biggest fire in the building right now.
684680	685880	What triggers the fix?
686060	693100	Well, it moves to the repair module, which utilizes these data structures called repair ops or repair operators.
693320	693660	A repair op.
693660	697300	Yeah. A repair op is a discrete piece of code with three components.
697500	698420	First, it has a name.
698920	708860	Second, it has a predicate, which is basically a Boolean rule that checks if this specific operator is a valid candidate to fix the current type of violation.
709180	711180	Like true or false, can I fix this?
711320	711740	Exactly.
712220	714500	And finally, it contains a pure function.
714820	715600	And what does that do?
715600	725780	That pure function takes the current state of the organism, looks at the violation, and outputs an entirely new updated state of the organism intended to pull the variable back toward the boundary.
726120	736780	So the engine detects the sodium violation, normalizes it, ranks it at the top of the queue, and searches its library of repair operators for one whose predict it matches low sodium.
737020	737220	Yep.
737220	740720	And then it applies the pure function to shift the organism's state.
740860	741480	You've got it.
741480	744820	But, you know, the paper outlines this really fascinating gap in this logic.
744820	751600	It details certain variables that are explicitly classified as observable but not repairable.
752280	753100	What is that about?
753660	753760	Yeah.
753840	762180	The code base currently includes constraints on variables like gastric pH, you know, stomach acid levels, and cardiovascular heart rate.
762380	762620	Okay.
762620	765680	These variables have defined admissibility boundary parameters.
766100	771400	The engine is constantly watching them, and the severity function will absolutely flag them if they go out of bounds.
771660	775580	But the author deliberately hasn't built any repair operators for them yet.
775960	776260	Correct.
776440	784040	There is literally no operator in the current code base whose predicate matches a heart rate violation or a gastric pH violation.
784040	796860	Which means the engine detects a massive failure, normalizes it, ranks it as the highest priority, searches the repair library, finds absolutely nothing, logs the violation to the system output, and just moves on to the next problem.
796960	797140	Yeah.
797240	799700	It literally just watches the system fail and takes notes.
799860	801680	Which sounds kind of terrible, like a glitch.
801980	807220	It sounds like a glitch, but it's actually a testament to the robustness of that detect rank dispatch loop.
807500	811320	I mean, the engine doesn't crash because a biological response is missing.
811820	813120	It behaves deterministically.
813120	813820	Oh, I see.
813820	823500	It handles the absence of a repair just as gracefully as the presence of one, which is really critical when you are incrementally building an organism from scratch.
823860	827840	You can't have the whole thing crash just because you haven't coded the stomach acid fix yet.
828180	828440	Okay.
828640	829200	That makes sense.
829380	829480	Yeah.
829560	837040	But let me push back on the architecture of this dispatch loop for a second, specifically how it handles multiple simultaneous crises.
837360	837620	Sure.
837620	850140	If the engine takes this list of normalized violations, ranks them, and then searches for a fix for the single worst one, doesn't that create a huge biological bottleneck?
850140	850660	How do you mean?
850660	856660	Well, if a patient is in severe trauma, say, they're hemorrhaging blood volume, which is a massive cardiovascular violation.
857340	857500	Yeah.
857740	861680	But they also have a systemic infection triggering a severe cytokine violation.
861820	861960	Right.
861960	868960	A real human body doesn't just pick the blood loss, fix it completely, and then later decide to start working on the infection.
869560	874320	The body initiates multiple compensatory responses at the exact same time.
874380	874940	That's true.
874940	882800	So if this software engine just plucks the highest severity score and ignores the rest, it's kind of failing to simulate biology, isn't it?
882980	888720	You've identified the exact architectural hurdle the author ran into during the early development of the engine.
888960	889320	Oh, really?
889500	889740	Yeah.
890060	893160	Initially, the dispatch function was written exactly as you feared.
893420	901780	It evaluated the highest round violation, found the first repair operator that matched it, applied that single fix, and just stopped the loop.
901900	902620	Which didn't work.
902620	911600	The author quickly realized this resulted in severe physiological inaccuracies because, as you pointed out, a single derangement often provokes multiple simultaneous responses.
911600	921120	So how do you write a software loop that allows a single-threaded engine to fix multiple things at once without creating absolute chaos in the underlying data?
921500	928700	Well, the author resolved this by rewriting the dispatch function to utilize a concept formalized in the paper as sequential composition.
929200	930320	Sequential composition.
930600	930820	Right.
930820	937240	So now, when the engine isolates a violation, it doesn't just stop at the first matching repair operator.
937580	945400	It scans the entire library and aggregates every single operator whose predicate matches that specific violation.
945720	946520	Ah, okay.
947020	953300	So if there is a massive pathogen load triggering a cytokine violation, it finds the immunoresolution operator,
953300	958300	but it keeps looking and also grabs, like, the fever response operator.
958320	959580	Yes, exactly.
959580	967680	And instead of trying to apply them simultaneously, which would risk data collision if both operators tried to modify the same variable at the exact same millisecond,
968240	972820	the engine applies them sequentially within the boundary of a single simulation tick.
973060	974640	Okay, walk me through that tick.
974640	981740	It feeds the organism state into the first operator, takes the resulting new state, and instantly feeds that new state into the second operator.
981740	982840	So it chains them together.
983000	983140	Yep.
983640	990400	To the outside observer and to the simulation's timeline, both repairs happen simultaneously to combat the single violation.
990900	996600	That is a really elegant way to solve the bottleneck of multiple repairs for a single violation.
996600	1004680	But introducing the idea of a single simulation tick brings up an even more complex issue, which the paper dives into.
1004780	1005560	The flow of time.
1005680	1006640	The flow of time itself.
1006760	1013300	Because if we look at the reality of human biology, these repair mechanisms do not operate on the same temporal scale.
1013420	1014320	Not even remotely.
1014460	1014620	Right.
1015000	1019360	A cardiovascular bariflex, adjusting your heart rate, takes roughly one second.
1019640	1019880	Right.
1019880	1028100	But the hepatic system, clearing a toxin from the liver, takes minutes, or even hours, and a full reproductive cycle takes nearly a month.
1028220	1028740	Exactly.
1029240	1038640	How does the physio architecture handle the vast disparities in how fast these systems run, especially since it completely abandoned the global time step of the ODE models?
1038700	1041860	This is one of the most significant structural departures in the paper.
1042060	1044600	It's detail as the abandonment of global time.
1044740	1045040	Okay.
1045040	1051640	So in the HUM and ODE paradigm, every variable across the entire organism is tethered to one master clock.
1051780	1053040	One clock to rule them all.
1053220	1053460	Right.
1054020	1067220	For the mathematics of numerical integration to remain stable, basically, to prevent the equations from spiraling out of control, that global clock must tick at the speed of the absolute fastest dynamic in the entire model.
1067320	1067560	Right.
1067560	1074780	Because if you set the master clock to tick every five minutes, you would completely miss the one second cardiovascular reflexes.
1074780	1075680	Miss it entirely.
1075860	1081360	The simulation would calculate a heart rate, go to sleep for five minutes, and wake up to find the patient had flatlined.
1081520	1082500	Yes, exactly.
1082740	1086280	So you are forced to make the master clock tick every single second.
1086280	1095300	But doing that means you are forcing the slow-moving renal system, which might only need to update its filtration status every 15 minutes,
1095300	1102080	to constantly recalculate its massive set of equations every single second, just because the heart requires it.
1102120	1104120	Which is a huge waste of processing power.
1104600	1110280	Flyxion argues that this synchronization is a numerical convenience rather than a fact about the organism.
1110780	1113360	It is an artifact of the math, not a reflection of biology.
1113360	1114000	Right.
1114180	1122340	To put it in perspective, the ODE method is kind of like an orchestra, where the conductor forces every musician to play the exact same frenetic tempo.
1122600	1123560	I like that analogy.
1123880	1130600	So the tuba player, representing the slow renal system, is forced to play a frantic note every single second,
1131260	1136320	just because the snare drummer, the cardiovascular system, is playing a fast beat.
1136400	1136720	Yes.
1137000	1138280	It's incredibly inefficient.
1138700	1141100	Physiome entirely decentralizes this.
1141100	1143800	It introduces what they call the continuation trait.
1144020	1144900	The continuation trait.
1144960	1145100	Yeah.
1145380	1149640	In this architecture, there is no global time step driving the biology.
1150400	1154880	Instead, every individual subsystem declares its own required interval,
1155040	1158260	basically the number of seconds it wants to wait before it is advanced again.
1158360	1158680	Ooh.
1158880	1162360	So the cardiovascular system registers itself with a one-second interval.
1162520	1162700	Right.
1162940	1167400	The nervous system runs on a two-second interval, the hepatic system declares a 10-minute interval,
1167640	1169960	and the renal system declares a 15-minute interval.
1169960	1170480	Exactly.
1170480	1173100	The engine utilizes a central scheduler.
1173500	1178040	This scheduler simply maintains a ledger of the next fire time for each subsystem.
1178520	1182220	It looks at the ledger, finds whichever subsystem is scheduled to fire next,
1182680	1186480	advances that specific subsystem's internal state by its requested interval,
1186800	1192240	and then reruns the detect rank dispatch loop to see if that advancement caused any violations.
1192600	1195900	So it never forces the liver to advance, just because the heart did.
1196060	1196380	Never.
1196380	1200100	Giving every organ its own sheet music sounds structurally brilliant.
1200700	1205560	But if we extrapolate the computational reality of this, there's a catch, right?
1205640	1206400	There is a catch.
1206560	1209340	Because the paper lays out a roadmap for level three development,
1209560	1214280	which involves pushing the simulation down to the cellular and molecular scale.
1214840	1218520	We're talking about gene regulation and intracellular signaling pathways.
1218520	1222680	Systems that operate on timescales of milliseconds or even microseconds.
1222740	1223080	Exactly.
1223300	1228320	If you introduce a cellular subsystem that requests to be advanced every single millisecond,
1228640	1230080	doesn't that cripple the entire engine?
1231080	1233760	Because even though the liver isn't being advanced every millisecond,
1234140	1239900	the central scheduler still has to run its detection loop to check for violations every time any clock ticks.
1239900	1243820	Yeah, you are hitting on a massive computational bottleneck,
1244120	1248320	which the author explicitly acknowledges in their discussion of big O complexity.
1248580	1249500	Let's talk about big O.
1249640	1252020	Yeah, so the detection phase of the Physiome engine,
1252140	1257160	where it scans all the active subsystems to evaluate their miscibility boundary constraints,
1257800	1259600	is an ON operation.
1259700	1264560	Which means the computational cost scales linearly with the number of active constraints.
1264560	1269820	Right, so if you have 10 subsystems, the CPU does 10 units of work to check the boundaries.
1270120	1273420	If you have 100 subsystems, it takes 100 units of work.
1273660	1275920	But the critical factor is frequency, isn't it?
1276120	1277660	It is entirely about frequency.
1277980	1283220	Because the scheduler must rerun this complete ON detection sweep after every single tick,
1283620	1289240	the total CPU cost of running a simulation for an hour is entirely dominated by the fastest
1289240	1290960	clocked subsystem in the ledger.
1290960	1295020	So if you introduce a molecular system operating at 1,000 ticks per second,
1295280	1300520	the engine is suddenly forced to run that ON organism-wide boundary check millions of times a minute.
1300660	1300900	Yeah.
1301320	1305500	The CPU cache would be overwhelmed just checking to see if the slow systems were still okay
1305500	1307180	millions of times over.
1307560	1308120	Exactly.
1308700	1313860	Flyxion notes that the cost of these ON sweeps must be weighed heavily before integrating sub-second systems.
1314760	1317980	Decentralized time solves the mathematical rigidity of ODEs,
1317980	1323460	but it introduces a severe performance penalty if you have extreme disparities in your clock speeds.
1323720	1328940	And as the paper details, this asynchronous clock system wasn't just some theoretical challenge.
1329280	1332480	When the author actually booted up the engine to simulate an infection,
1333140	1337400	this exact timing architecture spectacularly broke the digital organism.
1337500	1338600	Oh yeah, I was a mess.
1338760	1341560	This is where the paper reads less like an academic journal
1341560	1345420	and more like a true crime postmortem for software engineers.
1345620	1346500	It really does.
1346500	1350580	Let's walk through the four-hour infection scenario because the bugs they encountered
1350580	1355320	perfectly illustrate why this architecture is so unforgiving yet so valuable.
1355660	1355760	Sure.
1355960	1357640	So the testing scenario was straightforward.
1358180	1364220	The author instantiated a healthy digital organism and subjected it to a sustained exogenous pathogen load.
1364300	1365300	A severe infection.
1365520	1365720	Right.
1366240	1370680	Physiologically, the expectation is that this pathogen load will drive up white blood cells,
1371120	1375100	C-reactive protein, and various cytokines within the immune subsystem.
1375100	1380360	And the expected mechanical response from the engine is that the immunoresolution operator
1380360	1385080	will detect the cytokine violation and begin fighting it, slowly pulling those numbers down.
1385760	1390480	But if the pathogen load is too aggressive and the cytokines breach a critical upper boundary,
1391220	1394160	the engine should also trigger the fever response operator.
1394160	1394720	Yes.
1395160	1401440	And the fever response is designed to raise the core body temperature to assist in neutralizing the pathogen.
1402140	1406160	And critically, this operator is programmed with a hard physiological cap.
1406440	1406940	What's the cap?
1407160	1413780	The mathematics of the pure function dictate that it should never push the core body temperature beyond 41.5 degrees Celsius,
1414380	1417640	regardless of how severe the underlying cytokine violation becomes.
1417640	1419080	That is the design intent.
1419220	1419360	Yep.
1419700	1421940	But when they actually ran the four-hour simulation,
1422420	1429120	the data output revealed three massive cascading defects that effectively destroy the simulated organism.
1429440	1430400	Let's dissect them.
1430660	1431880	Let's start with bug number one.
1431980	1432140	Okay.
1432240	1435640	So we can categorize the first defect as the monopolizing clock.
1435740	1436640	The monopolizing clock.
1436780	1441440	As we discussed, the scheduler maintains a ledger of when each subsystem should fire.
1442080	1446480	In the initial build, the logic for updating that ledger was mathematically flawed.
1446480	1447400	Oh, so?
1447720	1453940	When a subsystem fired, the scheduler calculated its next fire time by taking the current global simulation time
1453940	1456680	and simply adding the subsystem's fixed interval.
1456820	1459300	Which seems logical at first glance.
1459520	1459640	Yeah.
1459640	1464960	Like, if the global timer is at 10 seconds and my interval is 5 seconds, my next fire time is 15 seconds.
1465080	1472240	It seems logical, but because the scheduler recomputed this basic equation dynamically on every single iteration of the loop,
1472240	1476140	the sheer density of the fast clocks broke the logic.
1476140	1477660	Oh, I see where this is going.
1477800	1477900	Yeah.
1478340	1483980	The cardiovascular system's one-second clock was always placed at the absolute front of the priority queue.
1484620	1488600	It fired, updated the global time by one second, and rescheduled itself.
1489220	1495160	The slower systems were constantly evaluated against a global time that was inching forward in one-second increments.
1495460	1497920	Resulting in complete starvation for the slow systems.
1498020	1498400	Yes.
1498500	1501600	The cardiovascular system effectively cut in line in perpetuity.
1501900	1502460	Precisely.
1502920	1510240	After running the simulation for four in-game hours, the system logs showed that literally zero immune repair events had occurred.
1510460	1510880	Zero.
1511260	1511600	None.
1511600	1517860	The immune subsystem, operating on a five-minute clock, was never granted permission by the schedule to advance.
1518320	1521440	It sat frozen while the heart beat thousands of times.
1521800	1522140	Wow.
1522140	1522580	Yeah.
1522700	1533860	They had to rewrite the scheduler's bookkeeping algorithm to strictly track independent elapsed time per subsystem, ensuring priority was based on true deficit rather than dynamic global addition.
1534000	1535320	Okay, so they fixed the scheduler.
1536100	1542720	The immune system is finally allowed to wake up and recognize the massive pathogen load that has been accumulating for four hours.
1542820	1543300	All right.
1543300	1548320	And that sounds the alarm, which leads directly to bug number two, the directional defect.
1548480	1549300	Ah, yes.
1549940	1555160	This is the bug that resulted in the simulated organism reaching a core temperature of over 10 million degrees.
1555600	1556660	Okay, 10 million degrees.
1556720	1558540	How does the code even allow that to happen?
1558820	1566340	Well, the engine dispatched an operator named leukocytosis, which was registered in the library as the correct physiological response to an elevated white blood cell count.
1566420	1567420	Okay, so far so good.
1567420	1573160	But the mathematical implementation inside that operator's pure function was written backward.
1573440	1574040	Oh, no.
1574360	1582260	Instead of subtracting from the white blood cell count to repair the violation and bring it back down toward the boundary, the function added to it.
1582260	1586640	So the alarm goes off saying, white blood cells are dangerously high.
1587140	1591560	And the dispatch repair operator replies, understood, I will increase them further.
1591720	1592220	Exactly.
1592220	1597300	And because the engine loops continuously, it re-evaluated the state on the next tick.
1597520	1601040	The violation was now even worse, so the severity score was higher.
1601280	1601680	Oh, boy.
1601900	1605840	It dispatched the same broken operator again, which added even more.
1606160	1609820	It created an infinite compounding runaway feedback loop.
1610160	1619360	Because the violation was never mathematically resolved, the operator fired on every single tick without bound, actively driving the system into catastrophic failure.
1619360	1623580	But wait, didn't you say the fever response operator had a hard cap of 41.5 degrees?
1623740	1625500	How did the temperature reach 10 million?
1625700	1629260	Ah, that introduces the third defect, the dispatch short circuit.
1629480	1629960	But what is that?
1630240	1636380	Remember when we discussed how the engine must apply multiple repairs sequentially using sequential composition?
1636740	1636860	Yeah.
1637120	1639180	Well, the author hadn't fully implemented that yet.
1639360	1643340	The search function was still utilizing a find-first logic.
1643340	1643880	Ah.
1644800	1650120	It found the broken leukocytosis operator first, applied it, and stopped looking.
1650260	1650720	Exactly.
1651020	1654600	The engine never even reached the fever response operator in the library.
1655180	1661340	The hard cap of 41.5 degrees was never enforced because the code containing that rule was never executed.
1661820	1667920	The backwards operator monopolized the dispatch phase just as the one-second clock had monopolized the scheduler.
1667980	1669660	I have to ask the obvious question here.
1669660	1675320	If a clinician or a pharmaceutical developer is reviewing this architecture as a potential tool, right,
1675680	1681600	and they see that a simple mathematical typo can cook a digital human to 10 million degrees in a matter of seconds,
1682220	1683900	why would they ever trust this system?
1684040	1685000	It's a fair question.
1685220	1689060	Because in a clinical setting, that level of volatility seems unacceptable.
1689060	1693600	It is entirely counterintuitive, I know, but from a software engineering perspective,
1694200	1700720	the sheer absurdity of the 10 million degree failure is actually the strongest argument for the architecture.
1701480	1702700	Wait, really? How?
1702980	1707420	The paper frames this under the principle of correctness by locality.
1707820	1709080	Correctness by locality.
1709780	1711580	Explain that because it sounds like a paradox.
1712240	1714740	Think about how you would have to debug this in HEMAD.
1714740	1719000	If an ODE-based simulation outputs a runaway core temperature,
1719660	1725480	you are staring at a failure inside a massive coupled matrix of thousands of differential equations.
1725660	1729540	Did the temperature spike because of a flaw in the cardiovascular equation?
1729820	1731200	The renal feedback loop?
1731520	1734180	The mathematical stiffness of the matrix integration itself?
1734460	1737060	You have to unravel the entire web to find the source.
1737200	1738480	The failure is systemic.
1738800	1741040	The bug is hidden in the interconnected math.
1741160	1741540	Exactly.
1741540	1745300	But in Physiome, the engine itself performed flawlessly.
1745520	1745880	Flawless.
1746060	1746300	Yeah.
1747320	1749340	The scheduler advanced the clock correctly.
1749880	1752920	The severity function correctly identified a massive violation.
1753460	1756940	The dispatch loop correctly found the operator that claimed it could fix it.
1757220	1758520	The architecture didn't crash.
1758660	1762020	It didn't throw a cryptic memory leak and silently corrupt the data.
1762280	1762840	Oh, I see.
1762860	1767900	It executed the faulty instructions with terrifying precision and logged every single step.
1767960	1770480	Which means isolating the bug took zero effort.
1770480	1771080	Exactly.
1771520	1775440	You look at the log, you see that leukocytosis fired 10,000 times in a row.
1775900	1781680	You open that one isolated file, change the plus sign to a minus sign, and the entire organism is fixed.
1782040	1788920	The structural boundaries of the architecture quarantine human error to highly localized, easily solvable domains.
1789080	1789800	That is amazing.
1789980	1795500	And that level of strict quarantine, the ability to isolate every variable and operator without them secretly entangling,
1796040	1799960	is entirely dependent on the specific programming language the author chose to build this in.
1799960	1800520	Yes.
1800760	1803540	Which transitions us perfectly to the underlying code itself.
1804000	1809200	The paper emphasizes that this architecture is intrinsically tied to the Rust programming language.
1809520	1814780	The choice of Rust is arguably the most technically consequential decision in the entire paper.
1814900	1815120	Really?
1815400	1815760	Oh, yeah.
1816060	1821020	The author leverages Rust to act as a sort of compiler-level immune system for the simulator.
1821700	1828080	The architecture heavily relies on the absence of interior mutability and the enforcement of a pure functional core.
1828080	1836800	Let's break down interior mutability for the engineers listening, because this solves one of the oldest headaches in object-oriented programming.
1837080	1843360	So if you build a simulator in C++ or Python, you often pass objects around by reference.
1843720	1851640	If the cardiovascular module needs to know the state of the liver, you pass a pointer or a reference of the liver object to the cardiovascular function.
1851640	1863440	But in those traditional languages, unless you are meticulously careful with your architecture, that cardiovascular function can use that reference to secretly alter the internal data of the liver object.
1863440	1873140	The cardiovascular module can just spontaneously decide to set the liver's toxin level to zero, and the liver's own internal API wouldn't even know who'd get it.
1873420	1875020	The state is mutated from the inside.
1875260	1875600	Yes.
1876240	1878320	It creates invisible side effects.
1879120	1886320	And when you are trying to simulate a complex biological system, hidden state mutations destroy the integrity of the model.
1886440	1887580	Because you don't know what's happening.
1887580	1891360	You can never truly trust how the organism arrived at its current state.
1892060	1897160	Rust's compiler fundamentally prevents this through its borrow checker and strict ownership rules.
1897440	1901300	So how does Physiome structure its data to appease the Rust compiler?
1901740	1907880	In Physiome, every time the state needs to change, whether a clock is advancing or a repair operator is firing,
1908320	1913460	the function takes the current global state of the organism as a strictly immutable reference.
1913660	1914580	Meaning read-only.
1914580	1915500	Yes, read-only.
1915720	1924780	The function analyzes that read-only state, calculates the necessary changes, and then must return a completely new, discrete state object by value.
1925080	1926780	So it doesn't modify the existing organism.
1927040	1931860	It essentially clones it, applies the repair, and outputs organism version 2.0.
1931980	1932400	Exactly.
1933020	1941420	The history of the state transitions is purely preserved, and this strict architectural rule unlocks the most powerful analytical feature of the simulator.
1941640	1942020	Which is?
1942260	1943220	Deterministic replay.
1943220	1949920	Oh, this concept is incredibly familiar to anyone who works with game engines or lockstep network simulations.
1950160	1951980	Because the underlying principle is identical.
1952800	1961100	In Physiome, because there is absolutely no interior mutability, no hidden side effects, and no random ambient inputs being injected mid-simulation,
1961540	1964620	the execution of the model is mathematically deterministic.
1964620	1970500	Which means, if I record a simulation of a patient undergoing a severe allergic reaction over the course of three hours,
1970860	1977460	I don't need to save a massive terabyte-sized database of every variable at every millisecond to review the footage later.
1977660	1977980	No.
1978120	1979480	You only need to save two things.
1979820	1982700	The exact initial state of the organism at time zero,
1983240	1986640	and a tiny text file logging the specific inputs you introduced,
1986980	1990320	like injecting a simulated dose of epinephrine at minute 45.
1990320	1996260	And when I hit play, the engine rebuilds the universe from that initial seed, feeds it that one input,
1996580	1998960	and because the pure functions are perfectly deterministic,
1999280	2004660	the exact same allergic reaction happens down to the exact millisecond every single time.
2004840	2007260	Think about the implications of that for medical diagnostics.
2007620	2012700	Imagine if an ICU could record the initial blood panel and telemetry of a crashing patient.
2012700	2019680	If the patient's condition deteriorates, the clinical team wouldn't have to guess what cascading failure happened first.
2020220	2025220	They could take that initial state, run it through the deterministic replay of the physiome engine,
2025540	2032120	and perfectly trace the biological failure down to the exact boundary violation that triggered the collapse.
2032120	2032760	Exactly.
2033280	2035700	And because of that strict data isolation,
2036140	2042680	the architecture inherently supports what the paper formalizes as Proposition 3, engine locality.
2042760	2043480	Engine locality.
2043560	2044020	Tell me about that.
2044020	2047480	Engine locality is the guarantee that the domain-independent core,
2047660	2050260	the detect, rank, dispatch loop,
2050540	2054080	will never need to be modified just because you add new biological domains.
2054260	2054520	All right.
2054740	2057160	The author proved this by expanding the initial code base
2057160	2060440	from a simple two-system sketch into an 11-system model
2060440	2063840	without touching a single line of the central engine logic.
2063840	2067840	Because the subsystems are forced to communicate through the shared immutable state
2067840	2070360	rather than directly coupling their equations.
2070820	2071380	Exactly.
2071720	2075200	If the hematologic system needs to calculate blood coagulation,
2075500	2077200	it requires data from the liver.
2077520	2081680	But the hematologic module does not send a request to the hepatic module.
2081800	2081980	Right.
2082160	2087140	It simply reads the clotting factors parameter from the shared read-only organism state,
2087160	2087960	during its turn.
2088620	2091720	This decoupled reading ensures that adding a new organ
2091720	2095180	never breaks the communication pathways of the existing ones.
2095260	2096220	It is entirely modular.
2096900	2101140	You are plugging discrete Lego bricks into a central base plate
2101140	2105680	rather than trying to sculpt a single continuous object out of clay.
2105840	2106840	That's a great way to put it.
2107020	2110500	And this modularity sets the stage for the final section of the paper
2110500	2113460	where affliction outlines a comprehensive roadmap
2113460	2115260	for building the rest of the human body.
2115260	2118060	Yeah, the paper details a three-level roadmap
2118060	2120600	for achieving a complete whole-body simulation.
2120820	2121680	Okay, what's level one?
2121820	2124920	Level one focuses on completing the lumped organ scale systems.
2125320	2129000	They already have 11, but they need to integrate the musculoskeletal system,
2129560	2133020	the lymphatic network, and uniquely, the reproductive system.
2133320	2137400	The reproductive system poses a fascinating architectural challenge, doesn't it?
2137680	2140680	Based on everything we just discussed about decentralized time.
2140680	2144000	It is the ultimate stress test for the asynchronous scheduler.
2144360	2148980	You are introducing a biological process dictated by a 28-day clock
2148980	2154580	into an engine that is simultaneously processing a one-second cardiovascular reflex.
2154940	2155180	Wow.
2155300	2155520	Yeah.
2155920	2160060	The engine must flawlessly manage that massive temporal disparity
2160060	2163220	without allowing the fast clocks to monopolize the cue
2163220	2165720	as they did in the early infection models.
2165720	2169600	And once the organ scale is complete, the roadmap moves to level two,
2170000	2171440	which the author labels refinement.
2171800	2176120	Level two shifts from adding new organs to increasing the resolution of existing ones.
2176560	2181260	For instance, instead of treating the renal system as a single black box that filters blood,
2181760	2184360	level two breaks it down into specific nephron segments.
2184480	2186180	Like the proximal tubule, the loop of Henle.
2186320	2186560	Right.
2186760	2189880	It resolves the endocrine system into specific feedback axes,
2190340	2193860	like the hypothalamic-pituitary-adrenal axis regulating cortisol.
2193860	2197820	This is also where the paper notes the integration of pharmacokinetics, right?
2198140	2198420	Yes.
2198900	2200800	The introduction of synthetic drugs.
2201420	2203480	Because the system is built on bounds and repairs,
2204080	2208280	a pharmacological intervention is simply modeled as a synthetic repair operator
2208280	2212760	introduced into the library or a modifier to an existing admissibility boundary.
2213100	2214120	That makes total sense.
2214220	2214340	Yeah.
2214520	2219760	And finally, level three pushes the simulation down to the cellular and molecular scale.
2219760	2223860	This involves gene regulation networks and intracellular signaling.
2224420	2226580	As we discussed with Big O complexity,
2227000	2232080	this is where the computational cost of the Owen detection sweep becomes the primary barrier to entry.
2232760	2237760	Implementing level three will require significant optimizations to how the scheduler evaluates constraints.
2237760	2245600	But beyond the technical roadmap, the conclusion of this paper solidifies a profound philosophical argument about the nature of life itself.
2246400	2250000	The entire architecture is built on the premise of homeostasis as repair,
2250380	2254200	and it forces us to reconsider how we view the perfection of the human body.
2254360	2258020	Flyxion leverages the concept of satisficing versus optimizing.
2258280	2262920	Take that a step further, because that distinction is the philosophical core of this entire deep dive.
2262920	2267880	In classical engineering, and in the legacy ODE models, the goal is optimization.
2268820	2273600	You write an equation to find the perfect, mathematically ideal state for a variable.
2273900	2277220	You want the system to rest at the absolute peak of efficiency.
2277460	2278760	But biology doesn't do that.
2278920	2281980	No. Biology does not operate on optimization.
2282420	2284160	It operates on satisficing.
2284460	2288380	It searches for a state that is simply good enough to prevent death.
2288600	2292340	The body isn't a divine, perfectly calibrated machine.
2292920	2298360	It is a landlord slapping duct tape on a leaking pipe, just to keep the drywall from collapsing.
2298820	2302940	Exactly. An organism doesn't care about perfection. It cares about remaining within bounds.
2303480	2310580	The Physiome engine doesn't evaluate every possible repair operator to find the one that yields the most mathematically elegant future state.
2310700	2312080	It just grabs the first one that works.
2312280	2318880	It simply grabs the first combination of operators that successfully pulls the variable back inside the admissibility boundary, and then it stops.
2319280	2322320	It executes the bare minimum required to keep the lights on.
2322320	2333200	By building a software architecture that only ever asks, is this state admissible, and deliberately refuses to ask, is this the best possible state?
2334320	2340020	Flyxion hasn't just written a better piece of code. They have created a structural reflection of biological reality.
2340020	2344160	The code architecture is practically indistinguishable from the biological philosophy.
2344500	2346200	We have covered massive ground today.
2346720	2355140	We explored the limitations of the traditional, evolution-first ODE models, where the sheer density of mathematical coupling creates combinatorial gridlock.
2355660	2364660	We dissected the Physiome engine's detect-ranked dispatch loop, understanding how normalizing severity allows a system to weigh a sodium crash against a blood pressure spike.
2364660	2376100	We examined the abandonment of global time, freeing the slow renal systems from the frantic pace of the cardiovascular clock, while acknowledging the severe Big O scaling costs that decentralization creates.
2376100	2387040	We debugged a 10-million-degree digital fever on air, proving that structural boundaries and correctness by locality turn catastrophic failures into simple, isolated typos.
2387580	2395740	And we saw how Rust's strict rules against interior immutability guarantee the deterministic replay of an entire human organism.
2396080	2399780	It is a profound paradigm shift in how we approach simulation.
2399780	2404700	But as we close out this deep dive, I want to pose a final thought regarding the Level 2 roadmap.
2405240	2410560	The paper briefly mentions introducing aging as a slow modulator of the system.
2410760	2410900	Yeah.
2411360	2415680	Think about what aging means in the context of an admissibility-driven architecture.
2416160	2423020	If our biology is fundamentally just a collection of boundaries and repair operators, then aging isn't a complex, cascading mystery.
2423560	2427800	Aging is simply the slow, inexorable shrinking of our admissibility boundaries.
2427800	2430280	The guardrails are physically closing in.
2430400	2430800	Exactly.
2431120	2434700	When you are 20 years old, your admissibility boundary for heart rate is massive.
2435220	2441020	It can spike to 180 beats per minute, and your repair operators have the strength to easily pull it back into the green zone.
2441320	2444460	But when you are 80, that boundary has shrunk.
2445220	2454520	A spike to 150 might now sit outside the acceptable limit, and the repair operators, degraded by time, lack the mechanical force to resolve the violation.
2455120	2456800	The severity score climbs indefinitely.
2456800	2461420	It is a devastatingly clinical translation of mortality into pure data.
2461740	2465440	Now, combine that shrinking boundary with the concept of deterministic replay.
2466420	2473680	If the Physiome Project actually reaches Level 3, completely mapping the cellular and genetic boundaries of a human being,
2474320	2481180	could we one day input your personal genetic seed, establish your exact initial state, and run the simulation forward?
2481340	2481820	Wow.
2481820	2485900	Because there is no hidden mutability, no randomness in the engine, the outcome is fixed.
2486440	2491460	We could fast forward your specific biological simulation and precisely predict not just the year of your death,
2491780	2494880	but exactly which repair operator will be the one to finally fail.
2495020	2500120	It suggests that the exact mechanism of our end is already written into the code of our initial state,
2500180	2503980	just waiting for the central scheduler to advance the clock to that specific tick.
2503980	2505460	Something for you to mull over.
2506260	2513580	Next time you feel your heart race or a fever break, consider the silent, frantic operators firing in the dark to keep you inside the boundary.
2514120	2514920	Until next time.
